{
  "core" : [
    "icon-activity",
    "icon-airplay",
    "icon-alert-circle",
    "icon-alert-octagon",
    "icon-alert-triangle",
    "icon-align-center",
    "icon-align-justify",
    "icon-align-left",
    "icon-align-right",
    "icon-anchor",
    "icon-at-sign",
    "icon-award",
    "icon-bar-chart-2",
    "icon-bar-chart",
    "icon-battery-charging",
    "icon-battery",
    "icon-bell-off",
    "icon-bell",
    "icon-bluetooth",
    "icon-book",
    "icon-bookmark",
    "icon-box",
    "icon-briefcase",
    "icon-calendar",
    "icon-cast",
    "icon-check-circle",
    "icon-check-square",
    "icon-check",
    "icon-circle",
    "icon-clipboard",
    "icon-clock",
    "icon-cloud-off",
    "icon-cloud",
    "icon-command",
    "icon-copy",
    "icon-cpu",
    "icon-credit-card",
    "icon-delete",
    "icon-disc",
    "icon-download-cloud",
    "icon-download",
    "icon-edit-2",
    "icon-edit-1",
    "icon-edit",
    "icon-external-link",
    "icon-eye-off",
    "icon-eye",
    "icon-feather",
    "icon-file-minus",
    "icon-file-plus",
    "icon-file-text",
    "icon-file",
    "icon-filter",
    "icon-flag",
    "icon-folder",
    "icon-grid",
    "icon-hash",
    "icon-headphones",
    "icon-heart",
    "icon-heart-on",
    "icon-home",
    "icon-inbox",
    "icon-info",
    "icon-layers",
    "icon-layout",
    "icon-life-buoy",
    "icon-link-2",
    "icon-link",
    "icon-list",
    "icon-loader",
    "icon-lock",
    "icon-log-in",
    "icon-log-out",
    "icon-maximize-2",
    "icon-maximize",
    "icon-menu",
    "icon-mic-off",
    "icon-mic",
    "icon-minimize-2",
    "icon-minimize",
    "icon-minus-circle",
    "icon-minus-square",
    "icon-minus",
    "icon-monitor",
    "icon-more-horizontal",
    "icon-more-vertical",
    "icon-move",
    "icon-music",
    "icon-octagon",
    "icon-package",
    "icon-percent",
    "icon-pie-chart",
    "icon-plus-circle",
    "icon-plus-square",
    "icon-plus",
    "icon-power",
    "icon-printer",
    "icon-radio",
    "icon-refresh-ccw",
    "icon-refresh-cw",
    "icon-rotate-ccw",
    "icon-rotate-cw",
    "icon-save",
    "icon-scissors",
    "icon-search",
    "icon-server",
    "icon-settings",
    "icon-share-2",
    "icon-share",
    "icon-shield",
    "icon-sidebar",
    "icon-slash",
    "icon-smartphone",
    "icon-speaker",
    "icon-square",
    "icon-star",
    "icon-star-on",
    "icon-tablet",
    "icon-tag",
    "icon-target",
    "icon-thumbs-down",
    "icon-thumbs-up",
    "icon-toggle-left",
    "icon-toggle-right",
    "icon-trash-2",
    "icon-trash",
    "icon-trending-down",
    "icon-trending-up",
    "icon-triangle",
    "icon-type",
    "icon-unlock",
    "icon-upload-cloud",
    "icon-upload",
    "icon-user-check",
    "icon-user-minus",
    "icon-user-plus",
    "icon-user-x",
    "icon-user",
    "icon-users",
    "icon-watch",
    "icon-wifi",
    "icon-wifi-off",
    "icon-x-circle",
    "icon-x-square",
    "icon-x",
    "icon-zap",
    "icon-zoom-in",
    "icon-zoom-out",
    "icon-underline",
    "icon-italic",
    "icon-bold",
    "icon-crop",
    "icon-help-circle",
    "icon-paperclip",
    "icon-shopping-cart",
    "icon-sliders"
  ],
  "media": [
    "icon-fast-forward",
    "icon-pause-circle",
    "icon-pause",
    "icon-play-circle",
    "icon-play",
    "icon-repeat",
    "icon-rewind",
    "icon-shuffle",
    "icon-skip-back",
    "icon-skip-forward",
    "icon-stop-circle",
    "icon-volume-1",
    "icon-volume-2",
    "icon-volume-x",
    "icon-volume"
  ],
  "communication": [
    "icon-mail",
    "icon-message-circle",
    "icon-message-square",
    "icon-phone-call",
    "icon-phone-forwarded",
    "icon-phone-incoming",
    "icon-phone-missed",
    "icon-phone-off",
    "icon-phone-outgoing",
    "icon-phone",
    "icon-voicemail"
  ],
  "photo": [
    "icon-aperture",
    "icon-camera-off",
    "icon-camera",
    "icon-film",
    "icon-image",
    "icon-video-off",
    "icon-video",
    "icon-tv"
  ],
  "location": [
    "icon-compass",
    "icon-crosshair",
    "icon-globe",
    "icon-map-pin",
    "icon-map",
    "icon-navigation-2",
    "icon-navigation"
  ],
  "weather": [
    "icon-cloud-drizzle",
    "icon-cloud-lightning",
    "icon-cloud-rain",
    "icon-cloud-snow",
    "icon-droplet",
    "icon-moon",
    "icon-sun",
    "icon-sunrise",
    "icon-sunset",
    "icon-thermometer",
    "icon-umbrella",
    "icon-wind"
  ],
  "arrows": [
    "icon-arrow-down-left",
    "icon-arrow-down-right",
    "icon-arrow-down",
    "icon-arrow-left",
    "icon-arrow-right",
    "icon-arrow-up-left",
    "icon-arrow-up-right",
    "icon-arrow-up",
    "icon-chevron-down",
    "icon-chevron-left",
    "icon-chevron-right",
    "icon-chevron-up",
    "icon-chevrons-down",
    "icon-chevrons-left",
    "icon-chevrons-right",
    "icon-chevrons-up",
    "icon-corner-down-left",
    "icon-corner-down-right",
    "icon-corner-left-down",
    "icon-corner-left-up",
    "icon-corner-right-down",
    "icon-corner-right-up",
    "icon-corner-up-left",
    "icon-corner-up-right"
  ],
  "logos": [
    "icon-chrome",
    "icon-codepen",
    "icon-gitlab",
    "icon-facebook",
    "icon-github",
    "icon-instagram",
    "icon-pocket",
    "icon-slack",
    "icon-twitter"
  ]
}
